wave,fnu,enu,aper_flux,aper_err,aper_corr,flam,elam
0.5489561815969245,0.0,0.0,0.0,inf,1.1625107473158314,0.0,0.0
0.5523979355510426,0.0,0.0,0.0,inf,1.1625107473158314,0.0,0.0
0.5558911429333769,0.0,0.0,0.0,inf,1.1625107473158314,0.0,0.0
0.5594549169975691,0.0,0.0,0.0,inf,1.1625107473158314,0.0,0.0
0.5630972775498237,0.0,0.0,0.0,inf,1.1625107473158314,0.0,0.0
0.5667997884174745,0.0,0.0,0.0,inf,1.1625107473158314,0.0,0.0
0.5705661544851715,0.0,0.0,0.0,inf,1.1625107473158314,0.0,0.0
0.5744159902984125,0.0,0.0,0.0,inf,1.1625107473158314,0.0,0.0
0.5783478744308667,0.0,0.0,0.0,inf,1.1625107473158314,0.0,0.0
0.5823523468878616,0.0,0.0,0.0,inf,1.1625107473158314,0.0,0.0
0.5864331292489348,0.0,0.0,0.0,inf,1.1625107473158314,0.0,0.0
0.5905939462268996,0.0,0.0,0.0,inf,1.1625107473158314,0.0,0.0
0.5948439200626252,0.0,0.0,0.0,inf,1.1625107473158314,0.0,0.0
0.5991909894562801,-1.6861475229775122e-13,5.677059163145669e-14,-5.1854808e-14,inf,1.1625107473158314,-1.4061075957438843e-19,4.734197869407306e-20
0.6036273563910584,-3.2418365269806604e-14,2.327465497901675e-14,-1.7434749e-14,2.328864e-14,1.160710624277122,-2.663831909542721e-20,1.912489050595242e-20
0.6081561623238572,-5.877967268756062e-14,2.971698345488809e-14,-4.8695125e-14,2.626478e-14,1.1584887599297053,-4.7582852450137384e-20,2.4056255748704744e-20
0.6127811052698808,-4.533482588435197e-15,2.5855315221778835e-14,1.652313e-14,2.4518785e-14,1.1562495315497487,-3.614720765729003e-21,2.061544144341629e-20
0.6175058723699081,-1.6384785594062265e-14,2.2351206085093357e-14,-1.2718788e-14,2.1598752e-14,1.1539935571080704,-1.2865068764515673e-20,1.754980567818924e-20
0.6223341371007464,2.866072003514026e-14,2.235713140128384e-14,1.8231847e-14,2.0124224e-14,1.1517216489915392,2.215610332284974e-20,1.7283128711422445e-20
0.6272695564514172,-1.453679811271634e-14,2.2714132851585485e-14,-1.507449e-14,2.3292732e-14,1.1494348236896252,-1.1061496129018814e-20,1.7283881269015096e-20
0.632315768068409,5.67377757835648e-16,2.350848949696282e-14,3.0042675e-15,2.1198246e-14,1.1471343113991257,4.248717113247991e-22,1.7603954376598778e-20
0.6374763873748097,1.076295373105183e-14,1.7121231841401686e-14,1.5562814e-14,1.7664308e-14,1.144821565474189,7.929700797571243e-21,1.2614218102273406e-20
0.6427550046663286,3.173870471902239e-14,1.7909937763480768e-14,1.6982455e-14,1.8330105e-14,1.14249827164301,2.3001269067087392e-20,1.2979461547645015e-20
0.6481551821880858,1.6659457833780433e-14,2.5126992475440628e-14,1.02363695e-14,2.27484e-14,1.140166356906066,1.1872888830967877e-20,1.79075448489415e-20
0.6536804511972217,8.413991334785317e-16,2.087442161976732e-14,2.1564646e-15,1.8947575e-14,1.1390721639378893,5.895553694195898e-22,1.462638462507544e-20
0.6593343090148832,-1.8916824972683087e-15,1.9172927846365623e-14,-1.4286881e-14,1.821603e-14,1.138600549047438,-1.3028380334468569e-21,1.3204763297672208e-20
0.6651244012482296,-9.637012275489156e-15,1.7753851152174094e-14,-1.0747899e-14,1.6025206e-14,1.1381196208337965,-6.5221409996690244e-21,1.2015458442044829e-20
0.6710617446141046,-2.4819265277420594e-14,1.7903928600316268e-14,-2.3972555e-14,1.6660466e-14,1.1376286219823386,-1.650127458009789e-20,1.1903561148728353e-20
0.6771429752035576,3.951825432567913e-14,1.7434173078337344e-14,3.450375e-14,1.6345811e-14,1.1371279971044024,2.5804207782865103e-20,1.1383980196299284e-20
0.6833687007835255,5.6079728915961465e-14,1.915847481928865e-14,5.2456083e-14,1.7365534e-14,1.1366178657090193,3.5954170330569236e-20,1.2282995660675726e-20
0.6897427837169641,2.5322897792777567e-14,1.523377399831662e-14,3.187007e-14,1.5025773e-14,1.136098088148062,1.5936487424538197e-20,9.587087928841692e-21
0.6962898527294333,2.263470362417534e-15,1.9299414935128322e-14,-3.3199156e-15,1.7408995e-14,1.1355668550416746,1.3978102257859255e-21,1.191838868134985e-20
0.7029997832593117,2.4041161719439e-14,1.500454694609278e-14,1.7499687e-14,1.4617507e-14,1.134521927415071,1.4564601310353802e-20,9.090045092772147e-21
0.70987107196427,7.254695506672955e-15,1.5789388111318035e-14,1.0191077e-14,1.457845e-14,1.1328357121473704,4.3103621959562816e-21,9.381231996533317e-21
0.7169343761099953,1.464898807304348e-14,1.5718877795326796e-14,2.3958274e-14,1.4714765e-14,1.131132251494987,8.533011856283362e-21,9.156220888855296e-21
0.7241703722767372,-7.312493273215531e-15,1.4125589181657522e-14,-2.6387736e-15,1.2672067e-14,1.1294187842474908,-4.174817616084341e-21,8.064521408745514e-21
0.7316032660084069,-6.999936856143577e-15,1.370363805982622e-14,-9.990884e-15,1.2529215e-14,1.127692275414593,-3.915582550643621e-21,7.665458584858236e-21
0.739226664537318,-9.854679424393031e-15,1.3202092910713279e-14,-7.178071e-15,1.21479526e-14,1.1259571148165428,-5.399341372910312e-21,7.233376489688356e-21
0.7470609001331261,5.660203131687361e-15,1.436018966920022e-14,6.0866284e-15,1.3058513e-14,1.124211772759739,3.036501758125641e-21,7.70374139638786e-21
0.7555659124506522,4.0220343570119046e-14,1.519814342787985e-14,3.6389413e-14,1.39989745e-14,1.1228876179157248,2.1093788953922354e-20,7.97075314387203e-21
0.7638403521002659,4.231187499587807e-14,1.46972723012785e-14,3.984944e-14,1.3386345e-14,1.1218891284887453,2.1712538878512106e-20,7.541974830486146e-21
0.7723387135188167,3.268086820966858e-14,1.2671177585088329e-14,2.608296e-14,1.196222e-14,1.120877830042541,1.640331065802759e-20,6.3599675809637086e-21
0.7810639446860645,2.583708477073483e-14,1.3417534690654682e-14,2.473236e-14,1.2401234e-14,1.1198545657083656,1.2680134564345197e-20,6.5849590582286255e-21
0.7900272491844531,1.0525833122087554e-14,1.3731822695314414e-14,8.394282e-15,1.2732455e-14,1.1188192886528574,5.049238343761272e-21,6.587150383129175e-21
0.7992494153406559,4.659654565308681e-14,1.418185917123194e-14,3.904952e-14,1.30027486e-14,1.1177709901645272,2.1839495458309285e-20,6.646944416575737e-21
0.8087248650845433,3.3821090137947596e-14,1.3253846892563062e-14,2.8346828e-14,1.20523175e-14,1.1170598827675748,1.5482444888633625e-20,6.0672779392837195e-21
0.8184628251404102,3.097264479290878e-14,1.3355630877602707e-14,2.9067863e-14,1.23650115e-14,1.1163680600673997,1.3843117598821365e-20,5.9692535164912165e-21
0.8284719103805042,7.616376675454246e-14,1.4201983969557147e-14,6.9755596e-14,1.31212815e-14,1.115665202658857,3.322357567028993e-20,6.195080800053597e-21
0.8387600981704538,8.88757561166747e-14,1.4408751071783114e-14,7.8787014e-14,1.3374509e-14,1.1149514533323996,3.7823465527937276e-20,6.132031087856682e-21
0.8493347055091686,7.215729843473998e-14,1.3853244525430675e-14,6.5768984e-14,1.2896105e-14,1.1142270480145722,2.9948567696351245e-20,5.749727892864438e-21
0.8602041343389191,3.060748875361248e-14,1.3231395295279876e-14,2.6835891e-14,1.2593095e-14,1.1140293278741111,1.2384491536570209e-20,5.353725827378382e-21
0.8713849871996109,5.212452759509441e-14,1.2465660600998573e-14,4.700751e-14,1.164938e-14,1.113862762000763,2.055301401937376e-20,4.9152847788531545e-21
0.8828728941519028,8.850847063681672e-14,1.1702403642122493e-14,7.877109e-14,1.1028789e-14,1.1136921495427925,3.399711019707825e-20,4.495026332840465e-21
0.8946721316454779,8.350525222060525e-14,1.3891828895093189e-14,7.47653e-14,1.2811347e-14,1.1135174703871744,3.1234855855541437e-20,5.196191395982784e-21
0.9068052812321252,6.438186717078419e-14,1.3832271236644649e-14,5.6567503e-14,1.2901359e-14,1.1132473785521286,2.344169544750537e-20,5.036385304212711e-21
0.9192626459602002,5.513163600007497e-14,1.4016832028874842e-14,4.9562984e-14,1.2955949e-14,1.1128987842811997,1.9533280529245683e-20,4.966199663491863e-21
0.9320618873233667,8.921593189179303e-14,1.3555841472208647e-14,8.204651e-14,1.2547869e-14,1.1125430156964777,3.0747262099947555e-20,4.67186747807406e-21
0.9451950762976625,8.797481827415522e-14,1.2679848056827328e-14,7.4503554e-14,1.155196e-14,1.1121804870070109,2.948281927587852e-20,4.2493713091859106e-21
0.9586842497375561,8.280284452341467e-14,1.3642756305499703e-14,7.497004e-14,1.2601587e-14,1.1120144653075024,2.6974139846391012e-20,4.4443112865611716e-21
0.9725202459854422,8.627157657932109e-14,1.3528607388388182e-14,7.70242e-14,1.2523491e-14,1.1119603024804088,2.7310142444267274e-20,4.28261786209211e-21
0.9867072146425409,9.074392522524058e-14,1.3281680214113438e-14,8.2841286e-14,1.2209258e-14,1.111904825882566,2.790580062041065e-20,4.084415778126486e-21
1.001248541069512,7.273301498883218e-14,1.2506308519135624e-14,6.597238e-14,1.15156535e-14,1.1119047202174512,2.1722076123191105e-20,3.735071146363038e-21
1.0161456608062678,5.6422972271243047e-14,1.223723617651077e-14,5.30688e-14,1.13103395e-14,1.1125271130705414,1.6360537198506478e-20,3.548337664847781e-21
1.0313981273174169,7.467974256993072e-14,1.1640376440259848e-14,6.827022e-14,1.072534e-14,1.1131721986021246,2.1018594338632403e-20,3.2761809551993295e-21
1.0470036942634542,1.0020292327951741e-13,1.1171378723436796e-14,8.931191e-14,1.03188484e-14,1.1138404241519086,2.736764934669437e-20,3.0511522579964077e-21
1.0629584104861391,1.198581255700416e-13,1.1998719051902565e-14,1.0713169e-13,1.107423e-14,1.1145321685674783,3.176058328338819e-20,3.179478353507474e-21
1.0792567257932657,1.03041253927113e-13,1.2134576319619708e-14,9.189461e-14,1.1134491e-14,1.1152477416610787,2.6485924737915558e-20,3.1190951476122512e-21
1.0958964167031873,8.899112613929604e-14,1.151932058305857e-14,7.640111e-14,1.0587901e-14,1.1159597122351312,2.218509138325021e-20,2.8717153147167835e-21
1.1128701628251265,9.216144277005456e-14,1.1487228716316847e-14,8.236233e-14,1.05641864e-14,1.1166935808024778,2.2279928907848756e-20,2.7770250926550952e-21
1.1301633046771942,1.078701609240986e-13,1.1450925592701674e-14,9.845098e-14,1.0494547e-14,1.1174505042916656,2.528555297147972e-20,2.6841805293167592e-21
1.1477765931883184,1.1874397460862927e-13,1.0871078002477885e-14,1.0960352e-13,9.964473e-15,1.1182310143234928,2.6986737646674775e-20,2.470651087403369e-21
1.1656883781191432,1.3420320908980044e-13,1.1089641119056306e-14,1.215255e-13,1.0209944e-14,1.1189409560415602,2.9570012008299597e-20,2.4434648268269332e-21
1.1838934719404293,1.2811014898062529e-13,1.1191304393502607e-14,1.1607084e-13,1.0265907e-14,1.1194640882951983,2.736603119867456e-20,2.3906114201207695e-21
1.2023757631675573,1.2483787088080954e-13,1.1357052417640578e-14,1.11364206e-13,1.0422717e-14,1.1199994185740663,2.585350679334323e-20,2.3520076861304586e-21
1.2211197133174128,1.2524204855090932e-13,1.1835160854253103e-14,1.141915e-13,1.0844374e-14,1.12054667638782,2.5147059597107256e-20,2.376354417600212e-21
1.2401110775985424,1.678266753569799e-13,1.1849191273172685e-14,1.5219103e-13,1.0788187e-14,1.1211056168249645,3.2673326344761094e-20,2.3068591007142576e-21
1.2593366552158511,1.9940965263302212e-13,1.213382671638373e-14,1.835255e-13,1.1024002e-14,1.1216010406197445,3.7645755844631654e-20,2.290696924620222e-21
1.2787771262218999,1.7383074575445452e-13,1.2092429788067976e-14,1.5870534e-13,1.1099175e-14,1.122024749065669,3.182661186752264e-20,2.213998839674461e-21
1.2984158440215077,1.7238672224765765e-13,1.1530623935733882e-14,1.5893192e-13,1.0695814e-14,1.1224553132273196,3.061468057937097e-20,2.0477584588341967e-21
1.318235812934449,1.8748075794787132e-13,1.176439324096456e-14,1.679888e-13,1.0708693e-14,1.1228924306883528,3.230159901869857e-20,2.0269211482150377e-21
1.3382198259707168,2.070146408274044e-13,1.267024394382239e-14,1.8591487e-13,1.1534408e-14,1.1233357858579032,3.460984665886063e-20,2.1182810948702732e-21
1.3583506500616274,2.505426591723895e-13,1.3276625715805533e-14,2.2810776e-13,1.2115907e-14,1.1237850538042777,4.0654762273224063e-20,2.1543559250533016e-21
1.3786111889605148,3.024878437906355e-13,1.341620838796707e-14,2.6836834e-13,1.21689285e-14,1.1242399037532413,4.7651641024362096e-20,2.113487728961206e-21
1.398984624184202,2.996833500149824e-13,1.3877600520675964e-14,2.684577e-13,1.2671963e-14,1.124700002241308,4.5844819310970893e-20,2.1229610797811023e-21
1.4194545347907153,3.4124764092682594e-13,1.405326269427492e-14,3.0853824e-13,1.2753557e-14,1.125165015923004,5.0708436222569663e-20,2.088275169071322e-21
1.4400049971102176,3.9212735121360083e-13,1.5331188678591176e-14,3.4857978e-13,1.3892073e-14,1.125634614038024,5.661775836275926e-20,2.2136113008488313e-21
1.4606209709887619,3.982995878400428e-13,1.55506284680847e-14,3.5788763e-13,1.41769895e-14,1.1261084775856103,5.589697770605522e-20,2.1823601111652726e-21
1.481287345129511,4.263540914090288e-13,1.5735076890724647e-14,3.8489912e-13,1.4338216e-14,1.1265862777396358,5.81761990198584e-20,2.1470580046794084e-21
1.5019900228799419,4.3295039254285517e-13,1.653345362585458e-14,3.807504e-13,1.5020617e-14,1.1270722768626653,5.745893541955839e-20,2.194234398473741e-21
1.5227157173266939,4.440971045037389e-13,1.69964023037958e-14,4.0274506e-13,1.5497256e-14,1.1276049927370682,5.73447698122938e-20,2.1946884315704987e-21
1.5434518961975219,5.141690577053594e-13,1.762844201445115e-14,4.6179494e-13,1.6055069e-14,1.1281413377943834,6.462094035029636e-20,2.2155485298325674e-21
1.56418679147208,5.144910615924322e-13,1.7389827679340473e-14,4.506647e-13,1.5805628e-14,1.1286810028228411,6.295846614112886e-20,2.1279998019035103e-21
1.5849093999698827,5.268233378036828e-13,1.794640018203619e-14,4.7504177e-13,1.6219282e-14,1.1292236909545388,6.279277213023751e-20,2.139055232227743e-21
1.605609289682038,5.398136357074469e-13,1.814773786946946e-14,5.003114e-13,1.6593479e-14,1.1297691132084695,6.269279604185645e-20,2.1076392918098125e-21
1.6262769637238366,5.544089736423013e-13,1.8930950213474414e-14,5.0855766e-13,1.7348133e-14,1.130316998679422,6.276170942286057e-20,2.14307280885265e-21
1.646903730052104,5.905192879403796e-13,1.8995426160461967e-14,5.3724e-13,1.7269238e-14,1.1308670918592079,6.518552898931678e-20,2.0968441301315033e-21
1.6674815449658427,5.981532475332999e-13,1.9606559738192457e-14,5.418448e-13,1.7805458e-14,1.1314191491272756,6.440860990751492e-20,2.111216921438385e-21
1.688003041652676,5.244953978359805e-13,1.881985186448552e-14,4.8733814e-13,1.7555029e-14,1.1319729400993057,5.511232912637076e-20,1.9775309265714894e-21
1.7084615013331383,6.52146894242646e-13,2.0524008033783774e-14,5.849121e-13,1.8649138e-14,1.1325282474380352,6.68942162714273e-20,2.1052579476942363e-21
1.728850822811756,6.918377360169883e-13,2.1409948342698583e-14,6.241372e-13,1.9714102e-14,1.1330848665895512,6.930151646532211e-20,2.144638562411097e-21
1.7491654910244785,7.837480214913906e-13,2.135226474670529e-14,7.004145e-13,1.9676682e-14,1.1336426054587532,7.669520090165871e-20,2.0894677747801573e-21
1.7694005450887598,9.672690192963431e-13,2.2790081363811398e-14,9.052508e-13,2.1153518e-14,1.1340636521604008,9.250144087318963e-20,2.179450930107703e-21
1.7895515462753497,1.1995931875417732e-12,2.4203143309035795e-14,1.0882788e-12,2.2432155e-14,1.1344787936563832,1.1214995386692524e-19,2.2627516009033874e-21
1.809614546249626,1.3813333814959948e-12,2.537366157760489e-14,1.2238583e-12,2.3066462e-14,1.134893814958274,1.2629317548068422e-19,2.3198746494763117e-21
1.8295860558700356,1.577318178001067e-12,2.773480935378362e-14,1.4304609e-12,2.5473437e-14,1.1353086179750846,1.4108055462212417e-19,2.4806930779999056e-21
1.849463014766606,1.5869068420251391e-12,2.7746534829839526e-14,1.4228443e-12,2.5350625e-14,1.1357231125621092,1.3890365201263428e-19,2.428683849924072e-21
1.8703742387991669,1.6243848729125429e-12,2.8401717068911267e-14,1.4708552e-12,2.6071188e-14,1.1361609536844226,1.3902261243348555e-19,2.4307545399860106e-21
1.8900487155983554,2.034767106768645e-12,3.036648441654038e-14,1.8837798e-12,2.926115e-14,1.136574561768563,1.7053842401306537e-19,2.545083600962163e-21
1.9096216881342079,2.192759646447424e-12,3.1028733982474346e-14,2.0107627e-12,2.9713926e-14,1.136987631698129,1.8003207478728345e-19,2.5475511490454116e-21
1.9290915479339574,1.9682789051386543e-12,3.0337471449665825e-14,1.8184277e-12,2.871243e-14,1.1374001013819417,1.583559896367957e-19,2.4407721395314366e-21
1.9484565683065564,1.976233229773035e-12,3.131177341381825e-14,1.8127048e-12,2.933696e-14,1.1378119058893281,1.5585124336450655e-19,2.4693334496008478e-21
1.9677159683248313,2.1837382629462465e-12,3.3171720010420536e-14,2.0196718e-12,3.112519e-14,1.138223000166244,1.688609767106363e-19,2.5650551328317547e-21
1.9868689894923328,2.463839837351058e-12,3.226444523103824e-14,2.2269888e-12,3.0262644e-14,1.1386333396007273,1.868648184280571e-19,2.4470298792887423e-21
2.0059148154340667,2.485588931266239e-12,3.414576091070074e-14,2.281216e-12,3.2127916e-14,1.1389089507894243,1.8495150404886205e-19,2.5407700194857732e-21
2.024852742980598,2.4460927041046702e-12,3.498561579020859e-14,2.2472779e-12,3.2546516e-14,1.1388878764375443,1.7862389534734286e-19,2.5547956392192216e-21
2.043682755326744,2.220706137766005e-12,3.373865932365122e-14,2.0167028e-12,3.1335205e-14,1.1388669260819009,1.591906900820741e-19,2.418546231235737e-21
2.0624044319454304,2.367312745720798e-12,3.432157809390505e-14,2.1775435e-12,3.1945336e-14,1.1388461001236792,1.6663318790619037e-19,2.415867519868953e-21
2.0810183662002197,2.5686790485012834e-12,3.7026478804189505e-14,2.3322616e-12,3.4271133e-14,1.1388253978365495,1.775871552298454e-19,2.55984765510143e-21
2.0995239669209727,2.758237339576397e-12,3.7489376260448586e-14,2.5135514e-12,3.465324e-14,1.1388048198121061,1.8734559810465338e-19,2.5463615901751158e-21
2.117921629790144,2.7740275874714932e-12,3.781205846363774e-14,2.5511425e-12,3.5679867e-14,1.138784365544765,1.8515887676260861e-19,2.523853153021752e-21
2.1362123827295543,2.755740109707691e-12,3.7311203933161436e-14,2.5580083e-12,3.5265177e-14,1.1387640338269087,1.8080187678257155e-19,2.447957872503592e-21
2.1543957477169675,2.829170777496886e-12,3.7312168365892244e-14,2.7066192e-12,3.6110963e-14,1.138743825125644,1.8249952161547898e-19,2.4068723356587962e-21
2.1724724495500856,2.8590886221781373e-12,3.684220634693266e-14,2.6222204e-12,3.524533e-14,1.1387237385716262,1.81372982760035e-19,2.3371716444078564e-21
2.190443728447834,3.13383874059293e-12,4.0792831700759345e-14,2.7763943e-12,3.7335054e-14,1.1387037727238745,1.9555367256383673e-19,2.545500491149295e-21
2.20830947609241,3.1101437449135437e-12,4.0541178658283485e-14,2.8108312e-12,3.7549506e-14,1.1386839276405532,1.9094756424599976e-19,2.489029431234964e-21
2.226071123075915,3.077797198654735e-12,4.1257470707564813e-14,2.7664605e-12,3.8202395e-14,1.1386642016711432,1.8595825462853874e-19,2.4927461908537116e-21
2.2437286437574033,3.183288151782731e-12,4.0529952057955365e-14,2.8902473e-12,3.756686e-14,1.138644594783449,1.8931665461430352e-19,2.4103991123119424e-21
2.2612835317717814,3.1152159454626645e-12,4.0368140674961864e-14,2.8433224e-12,3.8107175e-14,1.1389805689071175,1.8240286290180932e-19,2.363644947266231e-21
2.2787361197656084,3.014399660590295e-12,4.058413400247284e-14,2.6984391e-12,3.7610472e-14,1.1395130569661436,1.7380661153072044e-19,2.3400317167953737e-21
2.2960878403089557,2.765768688491837e-12,4.133510398960733e-14,2.473646e-12,3.8192936e-14,1.1400449382317703,1.5706969179196289e-19,2.347445782740671e-21
2.313338864531023,3.1909443738430815e-12,4.0618758643673464e-14,2.904068e-12,3.7964254e-14,1.140576168272337,1.7852303369892217e-19,2.2724883823090735e-21
2.330491042221983,3.3340529950733252e-12,4.3491837567135856e-14,3.0368663e-12,4.0381608e-14,1.1411067551998542,1.8379392650301203e-19,2.397543053186923e-21
2.3475444661037685,3.186447322892423e-12,4.35719395757423e-14,2.9573353e-12,4.1230572e-14,1.1416366538339116,1.7311417166655786e-19,2.367188113661653e-21
2.3645010847065744,3.180302572765642e-12,4.310355552639077e-14,2.9474337e-12,4.098597e-14,1.1421658774843102,1.7031109396939267e-19,2.3082752435364064e-21
2.381360998395367,3.4406752584733934e-12,4.57822662011125e-14,3.1242658e-12,4.305604e-14,1.142694382852168,1.816547441975973e-19,2.417131879873896e-21
2.398125315390811,3.4016806814962263e-12,4.5625088395967985e-14,3.0804077e-12,4.267525e-14,1.1432221588696851,1.7709378880631452e-19,2.3752728504519833e-21
2.414795775820842,3.3817187576132528e-12,4.347422479750869e-14,3.1595763e-12,4.116352e-14,1.143749215461739,1.7363217468649776e-19,2.2321561121566163e-21
2.431372665314612,3.4015145692910938e-12,4.362416955228466e-14,3.1220382e-12,4.098916e-14,1.144275517572778,1.722752183271044e-19,2.209416770343197e-21
2.447856946722548,3.2357456507223986e-12,4.53040359455047e-14,2.8921162e-12,4.2082674e-14,1.1448010522946193,1.6167982907400316e-19,2.2636973293609785e-21
2.4642506210558395,3.5113706435983254e-12,4.548942632524515e-14,3.1598968e-12,4.2479614e-14,1.1453258408825004,1.7312526763032909e-19,2.2428190886843582e-21
2.480553498725209,3.5433859508648593e-12,4.653472647147418e-14,3.1827973e-12,4.3399048e-14,1.145849835430334,1.7241490058572702e-19,2.2642975813585647e-21
2.4967670860248683,3.551458271799026e-12,4.5844909953610646e-14,3.247268e-12,4.3313284e-14,1.1463730431123895,1.7057060440244615e-19,2.201854393632477e-21
2.512892459728506,3.6247509649399373e-12,4.614256670651595e-14,3.2911905e-12,4.300901e-14,1.1465081456158808,1.7186359854558078e-19,2.187799282492982e-21
2.5289310009263737,3.5998982653742465e-12,5.599349104163468e-14,3.1972975e-12,5.3248774e-14,1.1465461348274166,1.685271204550838e-19,2.621302357413484e-21
2.5448831106516407,3.4879261615575083e-12,5.934223850892136e-14,3.161378e-12,5.704533e-14,1.1465839300668783,1.6124458418731554e-19,2.7433535372901165e-21
2.5607500121603213,3.519272690034853e-12,6.440646783357758e-14,3.3091253e-12,6.3652656e-14,1.1466215340570942,1.6068379698516365e-19,2.9406859636669873e-21
2.5765325307112588,3.5722097478154698e-12,9.1092927598841e-14,3.3012373e-12,9.302538e-14,1.1466589485815288,1.611087856378174e-19,4.1083452489366556e-21
2.5922317512407735,3.5179045903251918e-12,9.301181377595372e-14,3.4763293e-12,9.936673e-14,1.1466961760426777,1.5674364369839186e-19,4.144231380900411e-21
2.607848877318757,3.5811946306703536e-12,1.002956979235249e-13,3.3759328e-12,1.0764118e-13,1.1467332191282908,1.5765821903288995e-19,4.415409588705813e-21
2.6233848264507853,3.5951080055330544e-12,1.0833254182571505e-13,3.4975898e-12,1.1946588e-13,1.146770079851402,1.564017005391991e-19,4.712902571827885e-21
2.63884051407181,3.414014583773112e-12,1.3298650914130926e-13,3.368156e-12,1.5731618e-13,1.146806760223436,1.4678869815600205e-19,5.717877317205207e-21
2.654216852836523,3.5661491221811224e-12,1.4342917736461082e-13,3.4855716e-12,1.6441945e-13,1.1468432622524842,1.5155847549390327e-19,6.095624921436199e-21
2.6695145894580055,3.5009610404571507e-12,1.4291263148811323e-13,3.5086107e-12,1.6587491e-13,1.1468795875557753,1.4708765144569065e-19,6.004260854261087e-21
2.6856019002742144,3.1442959951658296e-12,1.3504890518593258e-13,3.612429e-12,1.7638442e-13,1.1469177983618615,1.305249948250243e-19,5.606106320022007e-21
2.700741005618663,3.3174423471053483e-12,1.4579411076411436e-13,3.6068577e-12,1.8189924e-13,1.14695376691478,1.3617301099029752e-19,5.984496780999205e-21
2.7158045292843664,3.717699031619752e-12,1.5417107177145975e-13,3.706361e-12,1.8641004e-13,1.1469895654572944,1.5091442207749889e-19,6.258343668912189e-21
2.730793359135193,3.885011913242844e-12,1.6650727576424706e-13,3.7960546e-12,1.8900548e-13,1.1470251959546773,1.55979747146793e-19,6.685117922876533e-21
2.7457083770367174,4.103547144629387e-12,1.6971603622257973e-13,3.88012e-12,1.9795938e-13,1.1470606603609428,1.629686781668066e-19,6.7401194898180385e-21
2.760550458483838,3.728647402816912e-12,1.6144261897267346e-13,3.7239226e-12,1.9666105e-13,1.147489710709783,1.4649185221752998e-19,6.3427902199303704e-21
2.7753204722633606,3.5466214480432616e-12,1.6107000306181983e-13,3.3442368e-12,1.7775468e-13,1.1480782432296612,1.3786121152268838e-19,6.260974306777708e-21
2.790018982086736,3.6073788373341657e-12,1.6874478700134366e-13,3.3590977e-12,1.8345443e-13,1.1486664383339245,1.3874935416096088e-19,6.490371893340595e-21
2.804646827550882,4.079242628231756e-12,1.6295587711049076e-13,3.8674727e-12,1.7962033e-13,1.1492542843995182,1.5526612297476625e-19,6.2025060926238395e-21
2.8192050575046395,4.040008315281345e-12,1.2457378896867241e-13,3.8228778e-12,1.3631678e-13,1.14984177917396,1.521887186476126e-19,4.692744133349654e-21
2.833694513388332,4.471208739191584e-12,1.1053809543366498e-13,3.9800776e-12,1.100589e-13,1.1504289130204062,1.6671413371270945e-19,4.121539363829428e-21
2.8481160286946032,4.5181017223718805e-12,8.219739079104935e-14,3.9865862e-12,7.698811e-14,1.1510156768656385,1.667608813990658e-19,3.0338647023252233e-21
2.862470428793951,4.285068450594988e-12,6.447593663820496e-14,3.713578e-12,6.045729e-14,1.1516020621762029,1.5657747287469935e-19,2.3559668501065837e-21
2.876758530784975,4.4352047810536606e-12,6.129547819514671e-14,3.869166e-12,5.6431273e-14,1.1521880609356003,1.6045763643149895e-19,2.2175588367748754e-21
2.890981143362358,4.395759367373257e-12,6.160064041708974e-14,3.807128e-12,5.659119e-14,1.152773665622273,1.574696729579454e-19,2.2067251388866662e-21
2.905138954165415,4.4783337568971456e-12,5.917959243092133e-14,3.9285697e-12,5.4857493e-14,1.1533588645278463,1.5886790585355168e-19,2.0993830359980253e-21
2.9192315181860438,4.497585796516252e-12,6.106885704950817e-14,3.8700787e-12,5.5699687e-14,1.1539435995987948,1.5801412523717665e-19,2.1455381759224553e-21
2.933260873385212,4.2811766576756474e-12,6.029664931320677e-14,3.701491e-12,5.4900833e-14,1.15452791641394,1.4897565499631769e-19,2.098192516632842e-21
2.9472277960139075,4.4283696398113816e-12,6.086592886953334e-14,3.8282246e-12,5.5383056e-14,1.1551118092794896,1.5264057343199143e-19,2.097975336474416e-21
2.9611330534969507,4.3337368214854314e-12,6.371768667734896e-14,3.7648756e-12,5.804144e-14,1.1556952729000123,1.4797904593691744e-19,2.175693373228347e-21
2.9749770270647375,4.5805940370024915e-12,6.37791099443945e-14,3.91977e-12,5.7715524e-14,1.1562782864417227,1.5495589532931883e-19,2.157569303218158e-21
2.9887592843601865,4.638608931068844e-12,6.458119104197788e-14,4.003586e-12,5.8794685e-14,1.1568607951352865,1.5547458869321184e-19,2.164600263522458e-21
3.0024820414907207,4.499536902119575e-12,6.453684736512373e-14,3.8541267e-12,5.86259e-14,1.1574064757404239,1.4943781681951432e-19,2.1433862605094423e-21
3.0161460323267018,4.564575016761618e-12,6.301089157335914e-14,4.0494517e-12,5.823914e-14,1.1577871175762489,1.502274004835494e-19,2.0737883392115328e-21
3.029751245530173,4.565866829497549e-12,6.371653328565867e-14,4.0249405e-12,5.947485e-14,1.1581669883861927,1.4892336072403637e-19,2.078220987367129e-21
3.043297581663403,4.920032491932449e-12,6.654064260738459e-14,4.320022e-12,6.0888306e-14,1.1585460718909077,1.5904962967889333e-19,2.151055827914523e-21
3.056787223136837,4.605418594880067e-12,6.284526477834273e-14,4.014217e-12,5.8715775e-14,1.1589244159530165,1.475680112901665e-19,2.013704194588091e-21
3.070220870115398,4.718613061026398e-12,6.607821206912426e-14,4.161266e-12,6.145138e-14,1.1593020273632562,1.4987481486128043e-19,2.098807355496577e-21
3.083596674651012,4.473078023889474e-12,6.706556208847817e-14,3.9169766e-12,6.1648345e-14,1.1596788413137764,1.4084611412372233e-19,2.1117279334805503e-21
3.0969177869274196,4.533207343611619e-12,6.519549690604419e-14,3.894312e-12,6.0242725e-14,1.1600549338970534,1.4151411639622437e-19,2.0352219606000147e-21
3.110184822882276,4.788364048488793e-12,6.79788959692072e-14,4.2203407e-12,6.282495e-14,1.1604303102853597,1.4820685758697194e-19,2.104046069138691e-21
3.1233957931347174,4.894393607083664e-12,6.857622020750795e-14,4.2254845e-12,6.315674e-14,1.1608049019339233,1.5020984000529097e-19,2.104616811085437e-21
3.1365540061064987,4.832074550077484e-12,6.745359297290565e-14,4.1920963e-12,6.195974e-14,1.1611787905991893,1.470556177003611e-19,2.052830451587365e-21
3.149659237600574,5.002022816297669e-12,6.951934332616397e-14,4.30415e-12,6.271517e-14,1.1615519582199898,1.509635367203188e-19,2.09812836214925e-21
3.1627108827377124,4.910241866485964e-12,6.902003838332655e-14,4.27407e-12,6.308776e-14,1.1619243758886968,1.4697295706713995e-19,2.0659021314859706e-21
3.1757116375513874,5.150426876942391e-12,7.17674699009914e-14,4.490643e-12,6.620104e-14,1.1622961091168833,1.529025181222386e-19,2.1305858969185187e-21
3.18865972492407,5.228007158829447e-12,7.457609773880497e-14,4.574078e-12,6.7874776e-14,1.1626670958338903,1.539477528918544e-19,2.196022751602905e-21
3.20155736630201,5.166879482799063e-12,7.587190406342446e-14,4.4734563e-12,6.9203696e-14,1.1630373885472183,1.5092434123894833e-19,2.216215256701459e-21
3.2144046580147903,5.185589441027166e-12,7.164985627818417e-14,4.4777485e-12,6.507571e-14,1.1634069791599757,1.5026248440028308e-19,2.076193176054944e-21
3.2272013761524363,5.07437700214416e-12,7.608921536608281e-14,4.460593e-12,6.898697e-14,1.1637758504315325,1.458760957149355e-19,2.187381359115994e-21
3.239949721365808,5.322798395486415e-12,7.476059769000269e-14,4.804702e-12,6.822083e-14,1.164144055240843,1.518158127827336e-19,2.132307117259046e-21
3.2526476585342143,5.32422487099156e-12,7.205771799668009e-14,4.7047327e-12,6.702854e-14,1.1645115243391138,1.5067315451328685e-19,2.0392008115101717e-21
3.265298772138689,5.19097215768966e-12,7.326151769113273e-14,4.578182e-12,6.69071e-14,1.1648783511913368,1.4576604910178301e-19,2.0572335317224482e-21
3.2779001203628337,4.958373029188136e-12,7.172899889813977e-14,4.571758e-12,6.8204265e-14,1.165244440354916,1.3816603584961946e-19,1.9987426066732218e-21
3.2904556416958957,5.182199826267296e-12,7.384352120417528e-14,4.561115e-12,6.8675656e-14,1.1656098962578014,1.4330310734476363e-19,2.041991123576454e-21
3.302962585090949,5.1193474913119546e-12,7.239247160909957e-14,4.536839e-12,6.6852435e-14,1.1659746290002286,1.4049498894110674e-19,1.9867335662212146e-21
3.3154245367503776,4.96814829341317e-12,7.454007851950017e-14,4.4102183e-12,6.969148e-14,1.1663387334744855,1.3532243041527566e-19,2.030322766729334e-21
3.3278387938564276,5.093547328464207e-12,7.289916746637218e-14,4.462316e-12,6.722335e-14,1.1667021211597737,1.3770487608711824e-19,1.970840786481445e-21
3.340209106998936,5.211830182256291e-12,7.85288750836859e-14,4.56006e-12,7.172733e-14,1.1670648924396219,1.3986095140801963e-19,2.1073447902423896e-21
3.3525324067079314,5.243141654875418e-12,7.586683142741314e-14,4.571856e-12,6.9919636e-14,1.1674269480146664,1.3966872072522773e-19,2.0209683408210477e-21
3.3648124697995776,5.061191550364233e-12,7.682434880333939e-14,4.3516163e-12,7.008121e-14,1.1677883896809576,1.3383958393542495e-19,2.031564855356827e-21
3.3770470038986256,5.222725747330607e-12,7.83084748858636e-14,4.5926375e-12,7.085085e-14,1.1681491409809412,1.3711234018238791e-19,2.05583420749258e-21
3.389238449686902,5.019905529966398e-12,7.588764094468516e-14,4.4743566e-12,7.0808404e-14,1.168509264966811,1.30841293232477e-19,1.9779728965598567e-21
3.4013860872331367,5.0386633680594815e-12,7.663941262044382e-14,4.436233e-12,7.008839e-14,1.1688687316531237,1.3039382207308625e-19,1.9833247833868823e-21
3.413490514208434,5.242042792049748e-12,7.84355856336195e-14,4.705517e-12,7.2392437e-14,1.1692275500545408,1.346966189129489e-19,2.015437226748482e-21
3.425553081457722,5.284916620096658e-12,7.921681954718557e-14,4.63141e-12,7.2761296e-14,1.169585751752508,1.3484357863209216e-19,2.0212011283159675e-21
3.437572054437575,5.386755899860075e-12,7.852919366874636e-14,4.7223406e-12,7.156317e-14,1.1699432768031897,1.364825753988966e-19,1.9896699971475664e-21
3.449550319796647,5.3696188303463595e-12,7.89371874547042e-14,4.770688e-12,7.359078e-14,1.1703002027827012,1.3510518669598952e-19,1.9861416210871363e-21
3.461486386413288,5.399405140665033e-12,7.97137150315375e-14,4.805415e-12,7.460893e-14,1.1706564771280643,1.3491933533513501e-19,1.991871543061268e-21
3.473381417313868,5.390050616369386e-12,7.969814665880211e-14,4.8400407e-12,7.4659354e-14,1.1710121264513162,1.337646704043207e-19,1.9778657156341778e-21
3.4852367328544984,5.541548255200653e-12,8.262753537542877e-14,4.905752e-12,7.652708e-14,1.1713671823672809,1.3659037182098193e-19,2.036637643458091e-21
3.4977193825268595,5.445304547610281e-12,8.472198006011636e-14,4.8262176e-12,7.815301e-14,1.1717416653813146,1.332618322118419e-19,2.073383810347402e-21
3.509491631334916,5.500869255513282e-12,8.145398998644349e-14,4.992122e-12,7.7520354e-14,1.172108510209572,1.337200202488865e-19,1.9800560028623138e-21
3.5212237412362235,5.708803744080014e-12,8.535033098499384e-14,4.9701497e-12,7.706913e-14,1.172477860406155,1.3785147065025264e-19,2.0609691932338948e-21
3.5329163722080734,5.323450839856927e-12,8.111868066987324e-14,4.8768463e-12,7.8029177e-14,1.1728465919634596,1.2769681531540231e-19,1.9458425550912564e-21
3.544570908762522,5.324662759538319e-12,8.098315336384097e-14,4.9259095e-12,7.715679e-14,1.1732147403920834,1.268873426746134e-19,1.9298381129097894e-21
3.556186308198362,5.59077929137209e-12,6.715500909258415e-14,5.0170545e-12,7.335582e-14,1.1735822646847456,1.3236003397490032e-19,1.5898748317245278e-21
3.5677632702709348,5.69425669082229e-12,8.781304038552249e-14,5.0179934e-12,7.9814654e-14,1.1739491789382133,1.3393636669717486e-19,2.0654775884665545e-21
3.579303053999303,5.681014176103397e-12,9.04750634237887e-14,5.085652e-12,8.290314e-14,1.1743155152167888,1.327646528487525e-19,2.1143919051381623e-21
3.5908050883570906,5.623471649972969e-12,8.904003664243577e-14,4.851313e-12,8.03973e-14,1.174681247659091,1.3057931299803955e-19,2.0675460885706468e-21
3.602269352703207,5.9074488054839736e-12,8.944330436880922e-14,5.1551294e-12,8.106547e-14,1.1750463678795455,1.3630165634029755e-19,2.063711584381523e-21
3.6136972544128074,5.88760843067677e-12,9.083866776591739e-14,5.0653067e-12,8.0524204e-14,1.17541091312852,1.3498605966840214e-19,2.0826714228070348e-21
3.6250888046353493,5.76560109386948e-12,9.056503791323513e-14,5.0696053e-12,8.314051e-14,1.1757748763464888,1.313592997173591e-19,2.0633685483042116e-21
3.636443609463382,5.682158637542349e-12,8.932441195015117e-14,4.8984666e-12,8.1119485e-14,1.176138237551746,1.2865100196480453e-19,2.022413633681001e-21
3.647762413914516,5.833023404579332e-12,8.73409227297777e-14,5.2173175e-12,8.1285246e-14,1.17650101326346,1.3124844418157687e-19,1.9652518816686227e-21
3.659046055936247,5.809458354204429e-12,9.107360731673113e-14,5.0080834e-12,8.252706e-14,1.1768632231823266,1.299132429917147e-19,2.036621481055574e-21
3.670294330505625,5.618779501081987e-12,9.207330721023216e-14,4.8855893e-12,8.3761225e-14,1.1772248536640055,1.2488024347676179e-19,2.0463762672855068e-21
3.6815071615974264,5.5380924088931925e-12,8.949120352880028e-14,4.9634923e-12,8.3039864e-14,1.1775858952259803,1.2233829739164116e-19,1.9768903555421697e-21
3.6926852381350135,5.700278442896144e-12,8.897355363209579e-14,5.050125e-12,8.1767086e-14,1.1779463631029339,1.2515984680968561e-19,1.9535741024343056e-21
3.7038292362802876,5.850990194399109e-12,9.127256867676406e-14,5.143342e-12,8.3255465e-14,1.1783062722958393,1.2769708763869062e-19,1.992011747427331e-21
3.7149391989656375,5.835406439115174e-12,1.002612583650767e-13,5.1369434e-12,9.0237076e-14,1.1786656174831265,1.26596361267449e-19,2.1751202109992008e-21
3.7260149674087932,5.716034103322536e-12,9.275775649091737e-14,4.9713766e-12,8.418069e-14,1.1790243868555,1.2327049904641154e-19,2.0003895579304775e-21
3.7370567951000386,5.5112933633364124e-12,9.259861523352456e-14,4.79091e-12,8.572335e-14,1.1793825820001091,1.181537923568394e-19,1.985174229631167e-21
3.748065587496647,5.4384034444966804e-12,8.920902599808461e-14,4.987059e-12,8.7888986e-14,1.179740225790681,1.1590724720587954e-19,1.901288261322195e-21
3.7590415865835936,5.809545190260933e-12,9.095666002484717e-14,5.150212e-12,8.667137e-14,1.1800973197119171,1.23095281747124e-19,1.9272310182396665e-21
3.76998480416952,6.041475134374693e-12,1.0128159656642303e-13,5.1901643e-12,9.178437e-14,1.1804538578295793,1.2726744523413685e-19,2.1335600590165e-21
3.7808953090723865,5.965342475634222e-12,9.993430134935527e-14,5.199042e-12,9.1091624e-14,1.180809836113171,1.249394560552161e-19,2.0930461751098444e-21
3.79177316323277,6.026893967976836e-12,9.564412389207821e-14,5.3866213e-12,8.840366e-14,1.1811652503600727,1.255053927717848e-19,1.9917147039867514e-21
3.8026192188907735,5.774614272882143e-12,9.708014610007089e-14,5.160699e-12,9.030207e-14,1.1815201222946958,1.1956686309996203e-19,2.0101028380339047e-21
3.813433707030826,6.0259587915531176e-12,9.469565154414088e-14,5.4395577e-12,8.9642364e-14,1.1818744534665768,1.2406443116366911e-19,1.94962537064892e-21
3.8242168566170585,5.929278674240119e-12,9.523422062635576e-14,5.11594e-12,8.735189e-14,1.182228245438726,1.213864953640953e-19,1.9496719442092815e-21
3.8349686909783633,5.885710514693438e-12,1.0008285286068304e-13,5.115232e-12,9.252409e-14,1.1825814930921914,1.1981985386774568e-19,2.037462218791904e-21
3.8456893579187272,6.010412836305013e-12,1.0125556175850377e-13,5.3401667e-12,9.3862235e-14,1.1829341954473134,1.2167726397446135e-19,2.0498591448746537e-21
3.856379047769892,5.839450540349547e-12,1.0136635652812548e-13,5.267407e-12,9.458122e-14,1.1832863529896576,1.1756176246396705e-19,2.040741238521381e-21
3.8670382096880074,5.6514088284809014e-12,9.892951777922213e-14,5.023067e-12,9.175588e-14,1.1836379748187658,1.131496805873418e-19,1.980717317948424e-21
3.8776671920965,5.932012496866753e-12,1.0691317544130483e-13,5.208054e-12,9.681637e-14,1.1839890668194897,1.1811757605388434e-19,2.128843312117227e-21
3.8882662116905538,5.912453895347634e-12,1.0341477403532357e-13,5.4470694e-12,9.812386e-14,1.1843396306129734,1.1708717224215078e-19,2.0479725802826048e-21
3.89883548328008,6.2573324429398715e-12,9.810959920768903e-14,5.6962646e-12,9.433071e-14,1.1846896678302057,1.2324603104480106e-19,1.9323919289899273e-21
3.9093752198073854,6.209461920071925e-12,1.0245633663048207e-13,5.4305696e-12,9.422307e-14,1.1850391801115483,1.216445874041701e-19,2.0071399030680237e-21
3.9198855007971907,6.2455033840518786e-12,1.0608090100612282e-13,5.4560588e-12,9.6510805e-14,1.1853881647348885,1.216954155829951e-19,2.06701662612556e-21
3.930366480929399,5.862830464744564e-12,1.1044071457879284e-13,4.952996e-12,9.738768e-14,1.1857366215255052,1.1363046249133995e-19,2.1405069702981873e-21
3.9408185741288273,6.071801660380785e-12,1.0734043123045918e-13,5.177596e-12,9.6635475e-14,1.1860845590035893,1.1705722568029874e-19,2.069397814021556e-21
3.951241740905041,6.058586969980418e-12,1.0763389507702966e-13,5.2111262e-12,9.7573256e-14,1.186431970669589,1.1618703728881469e-19,2.064122120028861e-21
3.9616364136266835,6.4439454938214e-12,1.0738935606060223e-13,5.5372226e-12,9.7469206e-14,1.1867788658067007,1.2292951317480164e-19,2.0486394978577933e-21
3.972002829908454,6.161976491935434e-12,1.0829024951702837e-13,5.4129496e-12,1.02250876e-13,1.187125247290474,1.1693767959587688e-19,2.0550566069106177e-21
3.9823411896245067,6.26618343845243e-12,1.0673501166081365e-13,5.608172e-12,9.9296764e-14,1.187471116803772,1.1829862754064612e-19,2.015039220289333e-21
3.993233498403033,6.1041385298258e-12,1.1156381473862618e-13,5.359949e-12,1.0247119e-13,1.1878359767069147,1.1461158088641345e-19,2.09472722718136e-21
4.003514763017337,6.27549606359712e-12,1.0601565720993908e-13,5.3335765e-12,9.578051e-14,1.1883366749978181,1.1722459097547202e-19,1.9803441715980334e-21
4.013768567455105,6.183367600131956e-12,1.0447580187558825e-13,5.4049794e-12,9.856158e-14,1.1891369506954883,1.149142650957691e-19,1.9416215837738953e-21
4.023995104748123,5.81328180584077e-12,1.1042278429304387e-13,4.929529e-12,9.850094e-14,1.1899372953661662,1.074880098993532e-19,2.041725436272433e-21
4.034194566269885,6.16033843266064e-12,1.0514011931864185e-13,5.226659e-12,9.6546645e-14,1.1907376882109508,1.1332987893147642e-19,1.9342309068685978e-21
4.044367141751187,6.396203662264009e-12,1.1050859225730613e-13,5.4771886e-12,1.00233224e-13,1.1915381087274792,1.1707783159587286e-19,2.022778985373689e-21
4.054513019296568,6.417883410017431e-12,1.1149078670491116e-13,5.5153182e-12,1.0310758e-13,1.1923385367065458,1.1688746981039453e-19,2.030556669939887e-21
4.064632385399937,6.523917583500402e-12,1.1084997559201537e-13,5.390902e-12,1.0135456e-13,1.1931389522286902,1.1822775771263332e-19,2.0088457416888982e-21
4.0747254249598255,6.56018196819719e-12,1.1658168436487045e-13,5.5633428e-12,1.0497957e-13,1.193939335660804,1.1829672485606916e-19,2.1022635508322893e-21
4.0847923212956365,6.140741356963703e-12,1.1112008619176805e-13,5.17998e-12,9.982979e-14,1.1947396676528557,1.101880193725682e-19,1.9939127050343803e-21
4.094833256162435,6.354655802580135e-12,1.1194816784185089e-13,5.44371e-12,1.0218081e-13,1.1955399291345465,1.1346792732074793e-19,1.9989322737531294e-21
4.104848409766175,6.956401276843394e-12,1.1940425052588515e-13,5.8693076e-12,1.0606989e-13,1.1963401013120387,1.2360724089940991e-19,2.1216760465353536e-21
4.11483796077936,6.874179427012958e-12,1.1615013357577593e-13,5.7660196e-12,1.02548375e-13,1.1971401656647631,1.2155390671321228e-19,2.0538455027688934e-21
4.1248020863554675,6.6123938968948465e-12,1.1162132468553272e-13,5.5072787e-12,1.005648e-13,1.1979401039421729,1.163606179248416e-19,1.964239656094479e-21
4.134740962143811,6.564793790916518e-12,1.1871123766774703e-13,5.4918847e-12,1.06640025e-13,1.1987398981605677,1.1496827333254485e-19,2.078972539657612e-21
4.144654762304698,6.974629572494078e-12,1.1683046923825932e-13,6.048053e-12,1.051716e-13,1.199539530599991,1.2156203401125884e-19,2.036258603768977e-21
4.154543659523591,7.0816901305428504e-12,1.1929376254770204e-13,5.982284e-12,1.07522715e-13,1.2003389838010834,1.2284112872812152e-19,2.0693055148490243e-21
4.164407825025546,7.014432148688734e-12,1.2497985417759233e-13,5.8688154e-12,1.1011316e-13,1.2011382405620032,1.2109871759010323e-19,2.15768001524312e-21
4.174247428589723,6.901344552176253e-12,1.2538493106578597e-13,5.75522e-12,1.1116452e-13,1.2019372839353946,1.185853027920072e-19,2.154480174635316e-21
4.18406263856357,6.5446406831935134e-12,1.1836247679969839e-13,5.4107266e-12,1.0555567e-13,1.202736097225367,1.1192909328766557e-19,2.0242829742347318e-21
4.193853621876452,6.9232217501399986e-12,1.196794325086015e-13,6.0179388e-12,1.1211107e-13,1.2035346639844764,1.178515337773437e-19,2.0372602802236636e-21
4.203620544054105,7.381173127467258e-12,1.2891784493299044e-13,6.2094618e-12,1.1541443e-13,1.20433296801081,1.2506388438588424e-19,2.1843365784199178e-21
4.213363569232117,7.337104219135002e-12,1.261922359524676e-13,6.1669155e-12,1.12526945e-13,1.205130993345034,1.2374291702994883e-19,2.1282777124202933e-21
4.223082860169439,7.180667611380473e-12,1.2315981080354354e-13,6.317217e-12,1.2280522e-13,1.205928724267487,1.2054776193125929e-19,2.067584848059867e-21
4.232778578262369,7.5197218172245e-12,1.3837421971348023e-13,6.3570373e-12,1.2221096e-13,1.206726145295347,1.2566206919705874e-19,2.3123715471621465e-21
4.242450883557485,7.320368463324364e-12,1.2999069608411404e-13,6.2484384e-12,1.1765171e-13,1.207523241179759,1.2177351117448595e-19,2.162380700026885e-21
4.252099934764861,7.005499099038e-12,1.2570441718245908e-13,5.8839036e-12,1.11418436e-13,1.2083199969030207,1.1600739879683537e-19,2.0815993619372237e-21
4.261725889271708,7.277277622991884e-12,1.3120156071170613e-13,6.068976e-12,1.1530622e-13,1.209116397675846,1.199641416154664e-19,2.1628256368373097e-21
4.271328903155021,7.38731033759192e-12,1.3579038061099718e-13,6.1455728e-12,1.2212426e-13,1.2099124289345866,1.2123104482478952e-19,2.228417240691317e-21
4.280909131194174,7.561423332464463e-12,1.3560202917769848e-13,6.345449e-12,1.1946864e-13,1.2107080763384848,1.2353359139918126e-19,2.215377307790271e-21
4.290466726884321,7.38338680594012e-12,1.316639764025668e-13,6.069878e-12,1.1819324e-13,1.211503325767035,1.2008812878680904e-19,2.141467184421959e-21
4.300001460500741,7.48279190081962e-12,1.4107276362836306e-13,6.1574764e-12,1.2351124e-13,1.2122981314495405,1.211657833776745e-19,2.284333460671522e-21
4.3095136417592865,7.643648538051518e-12,1.3472009266538632e-13,6.5656586e-12,1.1913326e-13,1.2130924927954585,1.2322468684933216e-19,2.1718477960313236e-21
4.319003618169838,7.0718735224071356e-12,1.2624414340596256e-13,6.011778e-12,1.1387317e-13,1.2138864127941238,1.1350653921274628e-19,2.026271506197829e-21
4.3284715385271815,6.723805172095475e-12,1.270953282301561e-13,5.705843e-12,1.1762516e-13,1.2146798781983494,1.0744829332710333e-19,2.031019007637656e-21
4.337917550399455,6.833361976233395e-12,1.2855077837953392e-13,5.8144765e-12,1.1679153e-13,1.2154728759682576,1.0872398787260644e-19,2.0453406856187878e-21
4.347341800140733,6.3187954660963134e-12,1.2380413910625702e-13,5.283025e-12,1.0883311e-13,1.2162653932687926,1.0010142434143913e-19,1.9612868829821838e-21
4.356744432902059,6.010734929329609e-12,1.16079393148266e-13,5.240055e-12,1.1016511e-13,1.2170574174671387,9.481060973008972e-20,1.830983760036374e-21
4.366125592643861,6.640626271264574e-12,1.2908827350648617e-13,5.9263883e-12,1.2193515e-13,1.2178489361302944,1.0429659355808547e-19,2.0274393777105474e-21
4.3754854221476585,7.207721562562646e-12,1.3337922189695367e-13,6.0771787e-12,1.1771546e-13,1.2186399370226237,1.127194995740109e-19,2.0858795689175043e-21
4.384823461216375,7.0283967285398814e-12,1.3159573394461804e-13,6.301525e-12,1.2274917e-13,1.219430357122749,1.0944743187730826e-19,2.049231948982494e-21
4.3941402190500805,7.325855351782675e-12,1.4392085817284424e-13,6.2970063e-12,1.2799682e-13,1.2202202156296027,1.135962643818907e-19,2.2316673029986424e-21
4.403436045312749,7.19334788177947e-12,1.392738519380981e-13,6.162358e-12,1.2594263e-13,1.2210095186720171,1.1107113529174252e-19,2.1505014223490966e-21
4.412711078464622,7.119918859268796e-12,1.3946987914333458e-13,6.093266e-12,1.2360863e-13,1.22179825479968,1.0947566487717773e-19,2.1444847969972833e-21
4.421965455840091,7.094670418601171e-12,1.4590834913358545e-13,6.0317185e-12,1.2838561e-13,1.2225864127478416,1.0863132262338266e-19,2.2341019403267507e-21
4.4311993136592465,6.970398052784814e-12,1.3319082412486135e-13,5.9653255e-12,1.2178222e-13,1.223373981435058,1.0628415966643822e-19,2.0308847084759555e-21
4.440412787037661,6.8652345551666065e-12,1.4227519439340404e-13,5.7764882e-12,1.2919143e-13,1.2241609499608221,1.0424667785675821e-19,2.1604092675573418e-21
4.449605144725373,7.319249138273144e-12,1.4018971699496257e-13,6.3601472e-12,1.2797433e-13,1.224947233538719,1.1068203006804035e-19,2.1199555006987197e-21
4.4587772499634175,7.116224475075884e-12,1.3961892718496654e-13,6.0957368e-12,1.2552532e-13,1.2257328839131696,1.0716960231538081e-19,2.1026465585114105e-21
4.467929348774325,7.1852586681224105e-12,1.418928964563028e-13,6.047466e-12,1.2700717e-13,1.2265179004688005,1.0776639285525206e-19,2.1281468530450717e-21
4.477061572223323,7.44281449322775e-12,1.4498859654480715e-13,6.235958e-12,1.2650285e-13,1.2273022730273018,1.1117434858983233e-19,2.165714702212411e-21
4.486174050321854,7.161134421107237e-12,1.4293122328832408e-13,6.009836e-12,1.2578048e-13,1.2280859915804216,1.0653274591990402e-19,2.126318932055706e-21
4.495266844602358,6.9871993656865776e-12,1.4130528538471031e-13,5.966804e-12,1.2488537e-13,1.2288690404766978,1.03525113223592e-19,2.0936350750751293e-21
4.5043391039317,6.735123625053815e-12,1.3881641424743836e-13,5.773695e-12,1.2381634e-13,1.229480636184299,9.938868580487756e-20,2.048482217739269e-21
4.513391982170465,6.878324387587467e-12,1.4265636404597304e-13,5.953009e-12,1.2667414e-13,1.2299056081388438,1.010950940722663e-19,2.0967110200938773e-21
4.522425605458144,6.983412382596669e-12,1.369901373540942e-13,6.126714e-12,1.2691901e-13,1.2303299655091715,1.0222999959130945e-19,2.0053952020108435e-21
4.531440098927689,7.191783434070412e-12,1.5493607986119253e-13,6.1751567e-12,1.3599931e-13,1.2307537101056805,1.048618818649191e-19,2.2590903983634855e-21
4.540940210752562,7.263761672883635e-12,1.4359933459025082e-13,6.120654e-12,1.2613096e-13,1.2312005887759907,1.05468690084768e-19,2.0850400107174187e-21
4.549915024797687,7.175707417888053e-12,1.567850767721545e-13,6.017958e-12,1.372889e-13,1.231623044524497,1.037795263312513e-19,2.267522915254529e-21
4.55887044150254,6.9293691181178515e-12,1.4226388472566247e-13,6.2106826e-12,1.345296e-13,1.2320448626595735,9.982348531354736e-20,2.0494328654579884e-21
4.56780715104237,7.600975980089883e-12,1.5344086630892407e-13,6.4137463e-12,1.3636486e-13,1.2324660717659586,1.090705173587453e-19,2.201806020190912e-21
4.576725328738728,7.55804770928395e-12,1.5009906976935223e-13,6.495836e-12,1.3393934e-13,1.2328866762539759,1.0803226062181546e-19,2.1454669840858922e-21
4.5856249735162615,7.49515125079169e-12,1.4245182508532181e-13,6.5188597e-12,1.26875e-13,1.2333066722585155,1.0671780073491508e-19,2.028264003634963e-21
4.5945055906630365,7.339393496816021e-12,1.532236913971246e-13,6.3265317e-12,1.3730842e-13,1.2337260326271327,1.0409650231692176e-19,2.173210954481122e-21
4.603367543249865,7.2618382041338414e-12,1.3915348896268838e-13,6.3727413e-12,1.2985384e-13,1.234144770723989,1.0260033977576751e-19,1.9660580210156666e-21
4.612211419334338,7.181153610117597e-12,1.5154359440122995e-13,6.2313618e-12,1.3458328e-13,1.2345629106269065,1.0107164553437281e-19,2.1329108508061914e-21
4.621037334901907,7.438295335493275e-12,1.6055176326510412e-13,6.192235e-12,1.4151451e-13,1.2349804541712865,1.0429127968483847e-19,2.2510734101504387e-21
4.6298448277489515,7.70791993910886e-12,1.6028332031341407e-13,6.5120314e-12,1.4118119e-13,1.2353973758569317,1.0766086307159098e-19,2.238767493337182e-21
4.638633748689074,7.81914739548255e-12,1.5372930858985444e-13,6.7043628e-12,1.380819e-13,1.2358136649915081,1.0880096975430338e-19,2.1390948409410957e-21
4.647405031795781,6.724609751289473e-12,1.410688655822321e-13,6.1762826e-12,1.3365234e-13,1.236229362249734,9.321795505598272e-20,1.9555262919340977e-21
4.656158793380609,7.521996974785883e-12,1.5965889346101613e-13,6.378845e-12,1.4057657e-13,1.2366444696484666,1.0387980399469687e-19,2.204911091341226e-21
4.664894601203757,7.741006985018144e-12,1.6760080705788477e-13,6.454084e-12,1.4656642e-13,1.237058963210368,1.0650434383693894e-19,2.305929192001573e-21
4.673612185764275,7.710599918249292e-12,1.6016353965665566e-13,6.559516e-12,1.407487e-13,1.237472826667755,1.0569059883174652e-19,2.195390838170684e-21
4.682312537186698,7.58452693864172e-12,1.5114256761031346e-13,6.755235e-12,1.3958134e-13,1.2378861036031812,1.0357650053784227e-19,2.0640467575666686e-21
4.690995793676641,7.628846233401926e-12,1.6137200910048236e-13,6.491838e-12,1.476386e-13,1.238298797231006,1.0379640394201399e-19,2.1955920632127854e-21
4.699661277190972,7.944549028965305e-12,1.8475853624106933e-13,6.7378898e-12,1.6261462e-13,1.2387108719808109,1.0769354354849557e-19,2.504522458869552e-21
4.708309098978906,7.754553097165493e-12,1.7301166277868003e-13,6.7490362e-12,1.531385e-13,1.2391223298034357,1.0473223569627011e-19,2.3366785960835898e-21
4.716940134252216,7.634738533847952e-12,1.7875869304291498e-13,6.6248383e-12,1.599896e-13,1.2395332090667182,1.0273702200513351e-19,2.4054701676211467e-21
4.72555433424594,7.405644783168547e-12,1.6843514307047086e-13,6.103256e-12,1.4124287e-13,1.2399435042330798,9.929122941053048e-20,2.2582952492423128e-21
4.734150893786218,7.514722073339443e-12,1.4274039313937878e-13,6.382648e-12,1.2965607e-13,1.2403531737298894,1.0038810673896807e-19,1.906848674187948e-21
4.742730564658762,7.56801231061782e-12,1.5403571308960112e-13,6.289378e-12,1.3339242e-13,1.240762250185811,1.0073455146510357e-19,2.0503030162779472e-21
4.751293855085512,7.79392908367448e-12,1.588596888757215e-13,6.754139e-12,1.433565e-13,1.2411707547076287,1.0336802073711383e-19,2.1068977453737976e-21
4.75984029024897,7.679079017982221e-12,1.6971269996161724e-13,6.530519e-12,1.5067616e-13,1.2415786615460978,1.0147940403752401e-19,2.2427616136484865e-21
4.768369436681305,7.950766964439026e-12,1.729486390446921e-13,6.7678836e-12,1.5684994e-13,1.2419859469067305,1.0469423465123343e-19,2.277355817337052e-21
4.77688249647246,7.960524401793247e-12,1.698992518836712e-13,6.8077076e-12,1.5334168e-13,1.24239266513907,1.0444943478296004e-19,2.2292351525610104e-21
4.785379318094112,7.812044878702656e-12,1.7308267676154744e-13,6.6714403e-12,1.5215001e-13,1.2427988060128983,1.0213757118355449e-19,2.2629470891248295e-21
4.7938590572032735,7.686890287303433e-12,1.760758479604066e-13,6.7532473e-12,1.5717008e-13,1.2432043261682775,1.0014601973283213e-19,2.2939439337963808e-21
4.802322703936016,7.774265397307659e-12,1.7372666345552053e-13,6.414724e-12,1.500227e-13,1.2436092699844121,1.0092766255175114e-19,2.255367571005826e-21
4.810770623613969,7.81713064318262e-12,1.7265490746981017e-13,6.5584317e-12,1.5175776e-13,1.2440136520394478,1.0112804291980613e-19,2.233588472536191e-21
4.819201689254114,7.943632552028197e-12,1.7737441526012859e-13,6.9731053e-12,1.5662016e-13,1.2444174154848324,1.0240530966602081e-19,2.2866216183306607e-21
4.8276167245871715,7.754730162726352e-12,1.6689771113907215e-13,6.6373135e-12,1.5217952e-13,1.2448205968803172,9.962186259844579e-20,2.1440669756645994e-21
4.836016340031726,8.361918147293573e-12,1.756797065580608e-13,6.970778e-12,1.5223924e-13,1.2452232226547109,1.0704932323575851e-19,2.249052593200037e-21
4.844399553030746,8.397264759607969e-12,1.7419004201878983e-13,6.9469205e-12,1.5346632e-13,1.2456252429037928,1.0713008976275957e-19,2.222270628766386e-21
4.852766763081845,8.450278410492038e-12,1.7869374224186093e-13,6.8736813e-12,1.5721518e-13,1.2460266739835726,1.0743498167775788e-19,2.2718729479785828e-21
4.861118827673771,7.911217780587798e-12,1.7008192682867247e-13,6.843667e-12,1.5332376e-13,1.2464275542946597,1.0023615488250093e-19,2.154960062172163e-21
4.869454826892694,7.610476180446132e-12,1.678012447491363e-13,6.5923074e-12,1.5069554e-13,1.2468278369650898,9.60958608371777e-20,2.118790556778661e-21
4.877774982606043,8.001540776105753e-12,1.8766888414064357e-13,6.6911823e-12,1.6267593e-13,1.2472275299312823,1.0068937197922032e-19,2.3615779276649553e-21
4.886080261830282,8.08234900147352e-12,1.8303459296702791e-13,6.8410082e-12,1.61751e-13,1.2476266769895819,1.0136077896143753e-19,2.2954377392816414e-21
4.894833222798455,7.764965601557358e-12,1.7982647795353434e-13,6.3958535e-12,1.5785168e-13,1.2480475199720171,9.703251123371944e-20,2.2471464314854026e-21
4.903105994080753,7.923513402225619e-12,1.792711426671916e-13,6.630544e-12,1.5892241e-13,1.2484454439893828,9.867991492748646e-20,2.232653648617887e-21
4.911364156602035,8.334807019343718e-12,1.8561654654953863e-13,6.8443324e-12,1.593763e-13,1.2488428270088858,1.0345340973182962e-19,2.30391232797957e-21
4.919606961143585,8.051300498487717e-12,1.8077594057598192e-13,6.6829055e-12,1.5685894e-13,1.249239630430419,9.95998661037187e-20,2.2363169129662405e-21
4.927834186092591,8.37051437109353e-12,1.829899042861578e-13,6.8320965e-12,1.5536856e-13,1.2496358410311765,1.0320328170559925e-19,2.2561527050885186e-21
4.936047060665482,8.33728707233552e-12,1.8750182618613823e-13,6.8296254e-12,1.6190341e-13,1.2500315155038908,1.0245182651717014e-19,2.3040953731599845e-21
4.944244428734391,8.100805732677812e-12,1.877245314541083e-13,6.737751e-12,1.6277042e-13,1.250426595668005,9.921603903980829e-20,2.299189124650658e-21
4.952426834741575,7.566926617967748e-12,1.7504918157055938e-13,6.4141266e-12,1.6551127e-13,1.2508211052857552,9.23712709507319e-20,2.1368669470328043e-21
4.9605951436837845,8.443978483149873e-12,1.9204665682647826e-13,6.9462565e-12,1.6350826e-13,1.2512150836441747,1.0273846758121331e-19,2.33664489622046e-21
4.9687476456773405,8.38235876511483e-12,1.8489873157192674e-13,6.8883952e-12,1.5767215e-13,1.2516084458504166,1.0165433355061414e-19,2.2422993168129597e-21
4.976885946341131,7.840449544058323e-12,1.8173257531432133e-13,6.7458448e-12,1.6055847e-13,1.252001266973056,9.477179819229374e-20,2.1967009488259217e-21
4.9850100105511395,7.988672609837405e-12,2.0422221213298329e-13,6.5481266e-12,1.7446598e-13,1.2523935429751898,9.624896919448958e-20,2.4605060645761138e-21
4.993118594856985,7.681271398297216e-12,1.7686675598893549e-13,6.7982278e-12,1.6605088e-13,1.2527852114607556,9.224500961871138e-20,2.1240071807704073e-21
5.001213490305316,8.043890706173747e-12,1.8444431368177017e-13,6.7109894e-12,1.6302166e-13,1.2532621255342749,9.628727729066472e-20,2.2078421282542155e-21
5.0092935972231,8.386190008347226e-12,2.0432010966921613e-13,6.8928457e-12,1.7443851e-13,1.2542241805152476,1.0006109656706496e-19,2.4378763423980655e-21
5.01735922278865,7.912322776638736e-12,1.8316564835066694e-13,6.357371e-12,1.5460296e-13,1.2551853068337597,9.41037948113494e-20,2.17844785601647e-21
5.025411399992923,8.340854647006825e-12,2.0374307236972772e-13,6.7667616e-12,1.736811e-13,1.2561456005462042,9.888282035355148e-20,2.4154226965993474e-21
5.033448094854764,8.024929509337532e-12,2.2253983898758917e-13,6.486331e-12,1.8763761e-13,1.2571047922082346,9.483389112561169e-20,2.6298447652535674e-21
5.041471440448963,7.95495347384237e-12,2.0188369943512158e-13,6.401635e-12,1.7548587e-13,1.2580631098497181,9.37079753306424e-20,2.378155043713593e-21
5.049480600129116,8.216107442505797e-12,2.0975748781364523e-13,6.8051302e-12,1.815909e-13,1.2590204274640286,9.647754130676402e-20,2.463074739048452e-21
5.0574753923564915,8.046719112662886e-12,2.112568234404529e-13,6.7358224e-12,1.8238526e-13,1.2599766974429831,9.419000460792668e-20,2.472844011915225e-21
5.065457124085708,8.468793547564325e-12,2.0612865293035816e-13,7.1412143e-12,1.8044369e-13,1.2609320506438724,9.881839403388981e-20,2.405218917257155e-21
5.073423740770449,8.413950990120758e-12,2.0188682910508955e-13,6.8869008e-12,1.7264713e-13,1.2618862158933861,9.787037165628218e-20,2.3483306499197777e-21
5.081377344405481,9.01553686734196e-12,2.1171603420965086e-13,7.293423e-12,1.7828957e-13,1.2628394199905537,1.0453993675375304e-19,2.4549598267637833e-21
5.089316965457423,8.557960753258043e-12,2.070862824116914e-13,6.847856e-12,1.7431121e-13,1.2637915222083647,9.892471871145461e-20,2.3937889910021328e-21
5.09724271116205,8.902593859220271e-12,2.1095917921172274e-13,7.14386e-12,1.7737752e-13,1.2647425110720163,1.0258868600578924e-19,2.4309797052884934e-21
5.105155540966991,8.310076685308085e-12,2.079529467471639e-13,6.7457125e-12,1.7812836e-13,1.2656924777706993,9.54642154439532e-20,2.3889147672456394e-21
5.113053695854481,8.461765382397473e-12,2.1264271907902865e-13,7.0158324e-12,1.826402e-13,1.266641187407407,9.690670021190648e-20,2.4352488279694696e-21
5.120939311732953,8.167479866790497e-12,2.1847770107632569e-13,6.7888724e-12,1.9688637e-13,1.2675888731466511,9.32486059065946e-20,2.4943729742000292e-21
5.128810764877694,8.316229536026932e-12,2.1524003791948023e-13,6.9662687e-12,1.8687717e-13,1.268535316791619,9.465567353789805e-20,2.4498711433264045e-21
5.136669197950458,8.372097817539695e-12,2.1089485521379076e-13,6.7033267e-12,1.790109e-13,1.2694806329152732,9.500022438056773e-20,2.3930750694340502e-21
5.14451437959195,7.865427807709336e-12,2.0683482128620303e-13,6.4923787e-12,1.7306149e-13,1.2704247712298522,8.897891619187167e-20,2.339852157914044e-21
5.15234588929313,8.70975941834862e-12,2.127225507876171e-13,6.9441666e-12,1.7864853e-13,1.2713676589019614,9.823125014030973e-20,2.3991480238687296e-21
5.160164996390358,7.743888068881347e-12,2.1287760292170234e-13,6.272362e-12,1.7454103e-13,1.2723094268718018,8.707338404600516e-20,2.3936261874033023e-21
5.167969839252938,7.454919926227618e-12,1.881984562366408e-13,6.5583225e-12,1.7120946e-13,1.273249829271467,8.357118790415573e-20,2.1097434586910573e-21
5.17576264259736,7.516203847686732e-12,2.0354417817360072e-13,6.1316213e-12,1.7335601e-13,1.2741891128110778,8.400466032142046e-20,2.2749063083405435e-21
5.183541496461569,7.547051109730083e-12,2.0765726652398552e-13,6.2556514e-12,1.777505e-13,1.2751270262325334,8.409645038265505e-20,2.3139155621084285e-21
5.191308024580033,7.172637194597452e-12,2.1801559087982418e-13,5.846658e-12,1.8742772e-13,1.276063744520958,7.968540796213294e-20,2.422074451841734e-21
5.19906130475586,6.799464498915747e-12,1.8977071213777927e-13,5.692941e-12,1.6712785e-13,1.276999135971841,7.531446005429933e-20,2.102000638587909e-21
5.206801806880707,7.5398482778663e-12,2.329688286555932e-13,6.324911e-12,1.9861729e-13,1.2779332370415972,8.326721633022733e-20,2.572819125659458e-21
5.214529703241599,7.1436799213496056e-12,2.2250859127501164e-13,6.075096e-12,2.0019262e-13,1.2788660485878074,7.865842194174905e-20,2.450022236560045e-21
5.222244425845674,7.693086003916286e-12,2.1537959321564312e-13,6.372463e-12,1.9037507e-13,1.2797974823656524,8.445779344038072e-20,2.364523831635297e-21
5.229947126357091,7.816149811332761e-12,2.156824827067996e-13,6.421547e-12,1.8228801e-13,1.280727658024468,8.555626392574814e-20,2.3608794432097845e-21
5.237636313191334,8.272301921676192e-12,2.0446964935603327e-13,6.9710696e-12,1.8369547e-13,1.2816563762971194,9.028367571584013e-20,2.2315761309218626e-21
5.245314003935378,7.570343583440528e-12,2.1281249098921511e-13,6.1962965e-12,1.8327578e-13,1.2825838620053482,8.238082563472884e-20,2.3158352748247577e-21
5.252977896066121,8.034179268348169e-12,2.133418875043756e-13,6.6781814e-12,1.8125273e-13,1.2832952836202594,8.717338384640518e-20,2.3148268950388046e-21
5.260630490317016,7.930833356041916e-12,2.2526046506176006e-13,6.6441947e-12,1.8948153e-13,1.2836686166280618,8.580187177898106e-20,2.4370414397092806e-21
5.268269597111305,7.702987397084606e-12,2.0845770089885428e-13,6.5420594e-12,1.8132497e-13,1.2840413105666124,8.309535313769866e-20,2.2487205778136113e-21
5.275897264303188,8.475695382403853e-12,2.459199141297888e-13,6.7856944e-12,2.0229082e-13,1.2844134641058773,9.116669537782298e-20,2.645175987017625e-21
5.283511834520878,7.909352754409192e-12,2.3181133984684687e-13,6.4503203e-12,1.9544452e-13,1.284784995157789,8.482993016500602e-20,2.486238808820632e-21
5.291114808967375,7.695481304242353e-12,2.525080727221167e-13,6.6465054e-12,2.1982176e-13,1.2851559757569349,8.229907430294797e-20,2.7004393640194347e-21
5.298705022100162,8.318098333449594e-12,2.428310415138293e-13,6.7009983e-12,2.0532054e-13,1.285526347833768,8.870295688097612e-20,2.5895139178801876e-21
5.30628353556013,0.0,0.0,0.0,inf,1.2858961620069298,0.0,0.0
5.314270476529899,0.0,0.0,0.0,inf,1.286285919337413,0.0,0.0
5.321823825998238,0.0,0.0,0.0,inf,1.2866545286523856,0.0,0.0
5.329365372689363,0.0,0.0,0.0,inf,1.2870225714948522,0.0,0.0
5.336894722049944,0.0,0.0,0.0,inf,1.2873900274778518,0.0,0.0
5.344412442055509,0.0,0.0,0.0,inf,1.2877569232012263,0.0,0.0
5.351918015569798,0.0,0.0,0.0,inf,1.2881232323200096,0.0,0.0
5.359412081393291,0.0,0.0,0.0,inf,1.2884889849166767,0.0,0.0
5.366894100904338,0.0,0.0,0.0,inf,1.288854153621699,0.0,0.0
5.374364798102545,0.0,0.0,0.0,inf,1.2892187727011566,0.0,0.0
